aic-15468	Der heilige Georg und der Drache
wd-Q17009381	Mann in einer Hängematte
wd-Q30137948	Die Jungfrau des Heiligen Grals
wd-Q23499306	May Belfort
wd-Q60283705	Porträt von Guillaume Apollinaire
wd-Q7132266	Paolo und Francesca da Rimini
wd-Q3227124	Der Ballhausschwur
wd-Q29346625	Die Sirene Ligeia
wd-Q29604552	Kind, das von einem Hummer gebissen wird
wd-Q7579027	Die Braut aus dem Libanon
wd-Q7601237	Der Stern von Bethlehem
wd-Q89411923	Hellelil und Hildebrand – Begegnung auf der Turmtreppe
wd-Q133278581	Maria legt Bruder Konrad von Offida ihr Kind in die Arme
wd-Q19826735	Sidonia von Bork
wd-Q119169161	Die Reiter der Sídhe
wd-Q136001886	Porträt von Pompeo Gherardo Molmenti
wd-Q5015669	Der Bote der Liebe
wd-Q3291553	Marie Antoinette auf dem Weg zu ihrer Hinrichtung
wd-Q7751053	Der barmherzige Ritter
wd-Q28131527	Frau in Gelb
wd-Q3701088	Bei der Modistin
wd-Q24265104	Madonna Pietra
wd-Q3944485	Die Heilige Familie mit dem heiligen Johannes
wd-Q3949207	Eine Augustinerin – die heilige Monika
wd-Q3949528	Ein Heiliger des Augustinerordens
wd-Q3979942	Verkündigung, Beschneidung und Geburt Christi
wd-Q47090495	Die Weihe des heiligen Augustinus
wd-Q113151153	Entschlafung und Aufnahme Mariens in den Himmel
wd-Q113152680	Die Auferstehung
wd-Q113253665	Die Darstellung Mariens im Tempel
wd-Q113254656	Der heilige Euthymios der Große
wd-Q113290897	Die Samariterin am Brunnen
wd-Q113291129	Die Verkündigung
wd-Q113291282	Maria als Weinrebe
wd-Q109407858	Die heilige Anna mit Maria
wd-Q109471806	Die Steinigung des heiligen Stephanus
wd-Q109476265	Die Enthauptung Johannes des Täufers
wd-Q109569195	Das Jüngste Gericht
wd-Q109569780	Das Jüngste Gericht
wd-Q109719099	Maria Magdalena
wd-Q109720164	Der heilige Markus
wd-Q109720425	Die heilige Theodora
wd-Q110034112	Die Vision Konstantins
wd-Q110036376	Die Kreuzigung
wd-Q110110496	Das Erste Konzil von Nicäa
wd-Q110224709	Christus auf dem Thron
wd-Q110235490	Die Leiter zum Paradies
wd-Q119008888	Maria der Unschuldigen
wd-Q11918704	Ein Marokkaner
wd-Q11945364	Altaraufsatz des heiligen Bernhardin und des Schutzengels
wd-Q11945368	Altaraufsatz des heiligen Stephanus
wd-Q11945371	Altaraufsatz der Erscheinung des Herrn
wd-Q11945383	Kleiner Altaraufsatz mit Maria und Heiligen
wd-Q123383052	Porträt von Kaiser Franz I. von Österreich
wd-Q125506467	Der japanische Wandschirm
wd-Q125536945	Die Wurzel Jesse
wd-Q125537534	Die Wurzel Jesse
wd-Q127603051	Winterlandschaft bei Bystra
wd-Q131581867	Groß bist du, Herr
wd-Q133830690	Das Entschlafen des heiligen Sabbas
wd-Q135671221	Das Leben Christi und der Apostel
wd-Q135929371	Die Anbetung der Könige
wd-Q135935446	König der Könige
wd-Q136345740	Odaliske nach dem Bad
wd-Q136868629	Eine Tscherkessin beim Bad
wd-Q137464465	Heinrich VIII. und Heinrich VII.
wd-Q34521400	Maria des Trostes
wd-Q3463923	Der heilige Hieronymus und Maria Magdalena
wd-Q3687196	Christus überträgt Petrus seinen Auftrag
wd-Q18686033	Ein Marschall von Frankreich
wd-Q18688645	Lesende Maria mit Kind in einer Landschaft zwischen zwei Engelsköpfen
wd-Q18714351	Ein Beduinenmädchen
wd-Q19862182	Studie zu „Sklavenmarkt in Rom“
wd-Q19862185	Löwenstudie
wd-Q19912040	Maria mit Kind
wd-Q19912391	William Man Godschall
wd-Q106632929	Isles of Shoals
wd-Q109313627	Maria Nikopoios
wd-Q29642670	Schwertlilien
wd-Q3203525	Die Geschichte des Nastagio degli Onesti – zweiter Teil
wd-Q3213790	Maria mit Kind und den Heiligen Petrus und Paulus
wd-Q27513141	Albert Morris Bagbys neuer Roman „Miss Träumerei“
wd-Q50378007	Porträt von Francesco I. de’ Medici als Kind
wd-Q56762017	Zeichnung eines Mannes
wd-Q20191494	Tropischer Wald mit Affen
wd-Q21191007	Skizze zu „Die heilige Eulalia“
wd-Q21192415	Die Blumenpflückerin
wd-Q21416469	Die Taufe Christi
wd-Q21680427	Nächtliche Reiter
wd-Q21684325	Kirchgänger
wd-Q2238709	Der Wald hat Ohren und das Feld hat Augen
wd-Q64859026	Weg in einem Wald bei Sorø auf Seeland
wd-Q64929590	Aus Valdres
wd-Q65003885	Der Nigardgletscher
wd-Q65005836	Der Krondalgletscher
wd-Q65982522	Das Haupt Johannes des Täufers
wd-Q7628419	Studie eines knienden nackten Mädchens für „Die Grablegung“
wd-Q111181845	Maria Glykophilousa mit dem Akathistos-Hymnus
wd-Q112292546	Die Jakobsleiter
wd-Q112321489	Christi Einzug in Jerusalem
wd-Q112433440	Ein Engel hält den Leichnam Christi
wd-Q112570101	Das heilige Tuch
wd-Q141666484	Die Verkündigung
wd-Q14819521	Eine spinnende Frau und eine alte Frau
wd-Q15020316	Balletttänzerinnen auf der Bühne
wd-Q15141217	Die Geschichte des Nastagio degli Onesti – vierter Teil
wd-Q23933619	Maria und Heilige
wd-Q23934504	Wunder des heiligen Vinzenz nach seinem Tod
wd-Q23935051	Das Wunder am Mont-Saint-Michel
wd-Q23935053	Der heilige Valerius weiht Vinzenz
wd-Q23935090	Das letzte Abendmahl
wd-Q23935144	Der heilige Vinzenz vor Dacianus
wd-Q23935797	Der heilige Vinzenz auf der Folterbank
wd-Q23935811	Der Erzengel Michael erscheint über der Engelsburg
wd-Q23936116	Der heilige Michael besiegt den Antichrist
wd-Q23936154	Golgatha
wd-Q23936308	Der heilige Vinzenz am Pfahl
wd-Q112598329	Die Anbetung der Hirten
wd-Q112612495	Die Anbetung der Könige
wd-Q112669230	Die Verkündigung an Maria
wd-Q112670869	Der heilige Jakobus
wd-Q112754490	Huldigung der Eucharistie
wd-Q112883205	Der heilige Govdelaas
wd-Q112895656	Jakobus, der Bruder des Herrn
wd-Q112922973	Jakobus der Perser
wd-Q112926306	Rühre mich nicht an
wd-Q112930946	Christus heilt den Blinden
wd-Q112960134	Der heilige Onuphrius
wd-Q112977450	Maria mit dem Kind – die Unbefleckte
wd-Q112977767	Konstantin und Helena
wd-Q112989990	Die Verkündigung an die Gottesgebärerin
wd-Q113016474	Das Wunder des heiligen Gürtels
wd-Q113027258	Die Brüder verkaufen Josef in die Sklaverei
wd-Q113044396	Johannes auf Patmos
wd-Q113051424	Die Verkündigung
wd-Q113079172	Der heilige Andreas
wd-Q113129404	Maria Oseeas
wd-Q113146696	Die Geburt Mariens
wd-Q18341239	Neujahrsgruß mit drei Hexen
wd-Q18509847	Christus mit den Leidenswerkzeugen
wd-Q18510550	Kreuzigung mit Maria, Johannes und Maria Magdalena
wd-Q18551786	Maria betet das Christuskind an
wd-Q18575018	Die sieben freien Künste
wd-Q18575033	Die sieben Tugenden
wd-Q18579139	Der Baum
wd-Q27941401	Der heilige Michael
wd-Q3842489	Maria mit Kind
wd-Q3863236	Der Tod des Hananias
wd-Q3877891	Rühre mich nicht an
wd-Q3884942	Christus am Ölberg
